actual_confidence,dataset,decision,frame_idx,is_audit_frame,predicted_confidence,predicted_std,prediction_error,scene_id,source_json
0.702382,nuscenes,FULL_DETECTION,21,False,0.678732,0.212687,0.0,fcbccedd61424f1b85dcbf8f897f9754,/media/tersiteab/new_drive/checker_model/Point-Cloud-Similarity-Score/output/nuscenes/nuscenes_inference.json
0.709778,nuscenes,FULL_DETECTION,22,False,0.663671,0.211913,0.0,fcbccedd61424f1b85dcbf8f897f9754,/media/tersiteab/new_drive/checker_model/Point-Cloud-Similarity-Score/output/nuscenes/nuscenes_inference.json
0.702799,nuscenes,FULL_DETECTION,23,False,0.657515,0.212553,0.0,fcbccedd61424f1b85dcbf8f897f9754,/media/tersiteab/new_drive/checker_model/Point-Cloud-Similarity-Score/output/nuscenes/nuscenes_inference.json
0.724828,nuscenes,FULL_DETECTION,24,False,0.633316,0.210115,0.0,fcbccedd61424f1b85dcbf8f897f9754,/media/tersiteab/new_drive/checker_model/Point-Cloud-Similarity-Score/output/nuscenes/nuscenes_inference.json
0.724879,nuscenes,FULL_DETECTION,25,True,0.634649,0.21252,0.09023,fcbccedd61424f1b85dcbf8f897f9754,/media/tersiteab/new_drive/checker_model/Point-Cloud-Similarity-Score/output/nuscenes/nuscenes_inference.json
0.737366,nuscenes,FULL_DETECTION,26,False,0.622639,0.209833,0.0,fcbccedd61424f1b85dcbf8f897f9754,/media/tersiteab/new_drive/checker_model/Point-Cloud-Similarity-Score/output/nuscenes/nuscenes_inference.json
0.748225,nuscenes,FULL_DETECTION,27,False,0.635125,0.223789,0.0,fcbccedd61424f1b85dcbf8f897f9754,/media/tersiteab/new_drive/checker_model/Point-Cloud-Similarity-Score/output/nuscenes/nuscenes_inference.json
0.761121,nuscenes,FULL_DETECTION,28,False,0.624446,0.224913,0.0,fcbccedd61424f1b85dcbf8f897f9754,/media/tersiteab/new_drive/checker_model/Point-Cloud-Similarity-Score/output/nuscenes/nuscenes_inference.json
0.741035,nuscenes,FULL_DETECTION,29,False,0.576568,0.223355,0.0,fcbccedd61424f1b85dcbf8f897f9754,/media/tersiteab/new_drive/checker_model/Point-Cloud-Similarity-Score/output/nuscenes/nuscenes_inference.json
0.761566,nuscenes,FULL_DETECTION,30,True,0.610556,0.228485,0.15101,fcbccedd61424f1b85dcbf8f897f9754,/media/tersiteab/new_drive/checker_model/Point-Cloud-Similarity-Score/output/nuscenes/nuscenes_inference.json
0.75702,nuscenes,FULL_DETECTION,31,False,0.631591,0.220373,0.0,fcbccedd61424f1b85dcbf8f897f9754,/media/tersiteab/new_drive/checker_model/Point-Cloud-Similarity-Score/output/nuscenes/nuscenes_inference.json
0.75643,nuscenes,FULL_DETECTION,32,False,0.574118,0.219716,0.0,fcbccedd61424f1b85dcbf8f897f9754,/media/tersiteab/new_drive/checker_model/Point-Cloud-Similarity-Score/output/nuscenes/nuscenes_inference.json
0.783569,nuscenes,FULL_DETECTION,33,False,0.581136,0.221929,0.0,fcbccedd61424f1b85dcbf8f897f9754,/media/tersiteab/new_drive/checker_model/Point-Cloud-Similarity-Score/output/nuscenes/nuscenes_inference.json
0.773684,nuscenes,FULL_DETECTION,34,False,0.618459,0.228591,0.0,fcbccedd61424f1b85dcbf8f897f9754,/media/tersiteab/new_drive/checker_model/Point-Cloud-Similarity-Score/output/nuscenes/nuscenes_inference.json
0.78776,nuscenes,FULL_DETECTION,35,True,0.542362,0.215156,0.245398,fcbccedd61424f1b85dcbf8f897f9754,/media/tersiteab/new_drive/checker_model/Point-Cloud-Similarity-Score/output/nuscenes/nuscenes_inference.json
0.802764,nuscenes,FULL_DETECTION,36,False,0.590162,0.214493,0.0,fcbccedd61424f1b85dcbf8f897f9754,/media/tersiteab/new_drive/checker_model/Point-Cloud-Similarity-Score/output/nuscenes/nuscenes_inference.json
0.79886,nuscenes,FULL_DETECTION,37,False,0.560938,0.214469,0.0,fcbccedd61424f1b85dcbf8f897f9754,/media/tersiteab/new_drive/checker_model/Point-Cloud-Similarity-Score/output/nuscenes/nuscenes_inference.json
0.753167,nuscenes,FULL_DETECTION,38,False,0.524742,0.213971,0.0,fcbccedd61424f1b85dcbf8f897f9754,/media/tersiteab/new_drive/checker_model/Point-Cloud-Similarity-Score/output/nuscenes/nuscenes_inference.json
0.750792,nuscenes,FULL_DETECTION,0,True,0.709362,0.250918,0.04143,6f83169d067343658251f72e1dd17dbc,/media/tersiteab/new_drive/checker_model/Point-Cloud-Similarity-Score/output/nuscenes/nuscenes_inference.json
0.733887,nuscenes,FULL_DETECTION,1,False,0.719576,0.234262,0.0,6f83169d067343658251f72e1dd17dbc,/media/tersiteab/new_drive/checker_model/Point-Cloud-Similarity-Score/output/nuscenes/nuscenes_inference.json
0.753396,nuscenes,FULL_DETECTION,2,False,0.707358,0.239236,0.0,6f83169d067343658251f72e1dd17dbc,/media/tersiteab/new_drive/checker_model/Point-Cloud-Similarity-Score/output/nuscenes/nuscenes_inference.json
0.751864,nuscenes,FULL_DETECTION,3,False,0.711603,0.241206,0.0,6f83169d067343658251f72e1dd17dbc,/media/tersiteab/new_drive/checker_model/Point-Cloud-Similarity-Score/output/nuscenes/nuscenes_inference.json
0.74833,nuscenes,FULL_DETECTION,4,False,0.720179,0.238553,0.0,6f83169d067343658251f72e1dd17dbc,/media/tersiteab/new_drive/checker_model/Point-Cloud-Similarity-Score/output/nuscenes/nuscenes_inference.json
0.743632,nuscenes,FULL_DETECTION,5,True,0.721018,0.23736,0.022614,6f83169d067343658251f72e1dd17dbc,/media/tersiteab/new_drive/checker_model/Point-Cloud-Similarity-Score/output/nuscenes/nuscenes_inference.json
0.749535,nuscenes,FULL_DETECTION,6,False,0.715063,0.229201,0.0,6f83169d067343658251f72e1dd17dbc,/media/tersiteab/new_drive/checker_model/Point-Cloud-Similarity-Score/output/nuscenes/nuscenes_inference.json
0.751501,nuscenes,FULL_DETECTION,7,False,0.718367,0.233695,0.0,6f83169d067343658251f72e1dd17dbc,/media/tersiteab/new_drive/checker_model/Point-Cloud-Similarity-Score/output/nuscenes/nuscenes_inference.json
0.753058,nuscenes,FULL_DETECTION,8,False,0.769889,0.235695,0.0,6f83169d067343658251f72e1dd17dbc,/media/tersiteab/new_drive/checker_model/Point-Cloud-Similarity-Score/output/nuscenes/nuscenes_inference.json
0.735641,nuscenes,FULL_DETECTION,9,False,0.808852,0.235697,0.0,6f83169d067343658251f72e1dd17dbc,/media/tersiteab/new_drive/checker_model/Point-Cloud-Similarity-Score/output/nuscenes/nuscenes_inference.json
0.742623,nuscenes,FULL_DETECTION,10,True,0.765607,0.232387,0.022984,6f83169d067343658251f72e1dd17dbc,/media/tersiteab/new_drive/checker_model/Point-Cloud-Similarity-Score/output/nuscenes/nuscenes_inference.json
0.74343,nuscenes,FULL_DETECTION,11,False,0.749755,0.225226,0.0,6f83169d067343658251f72e1dd17dbc,/media/tersiteab/new_drive/checker_model/Point-Cloud-Similarity-Score/output/nuscenes/nuscenes_inference.json
0.742531,nuscenes,FULL_DETECTION,12,False,0.743331,0.225668,0.0,6f83169d067343658251f72e1dd17dbc,/media/tersiteab/new_drive/checker_model/Point-Cloud-Similarity-Score/output/nuscenes/nuscenes_inference.json
0.742072,nuscenes,FULL_DETECTION,13,False,0.786746,0.22597,0.0,6f83169d067343658251f72e1dd17dbc,/media/tersiteab/new_drive/checker_model/Point-Cloud-Similarity-Score/output/nuscenes/nuscenes_inference.json
0.756999,nuscenes,FULL_DETECTION,14,False,0.767728,0.225419,0.0,6f83169d067343658251f72e1dd17dbc,/media/tersiteab/new_drive/checker_model/Point-Cloud-Similarity-Score/output/nuscenes/nuscenes_inference.json
0.739761,nuscenes,FULL_DETECTION,15,True,0.781001,0.226381,0.04124,6f83169d067343658251f72e1dd17dbc,/media/tersiteab/new_drive/checker_model/Point-Cloud-Similarity-Score/output/nuscenes/nuscenes_inference.json
0.739564,nuscenes,FULL_DETECTION,16,False,0.74624,0.220958,0.0,6f83169d067343658251f72e1dd17dbc,/media/tersiteab/new_drive/checker_model/Point-Cloud-Similarity-Score/output/nuscenes/nuscenes_inference.json
0.740356,nuscenes,FULL_DETECTION,17,False,0.739734,0.221455,0.0,6f83169d067343658251f72e1dd17dbc,/media/tersiteab/new_drive/checker_model/Point-Cloud-Similarity-Score/output/nuscenes/nuscenes_inference.json
0.736151,nuscenes,FULL_DETECTION,18,False,0.757374,0.221353,0.0,6f83169d067343658251f72e1dd17dbc,/media/tersiteab/new_drive/checker_model/Point-Cloud-Similarity-Score/output/nuscenes/nuscenes_inference.json
0.734674,nuscenes,FULL_DETECTION,19,False,0.77213,0.221264,0.0,6f83169d067343658251f72e1dd17dbc,/media/tersiteab/new_drive/checker_model/Point-Cloud-Similarity-Score/output/nuscenes/nuscenes_inference.json
0.740742,nuscenes,FULL_DETECTION,20,True,0.762992,0.221401,0.02225,6f83169d067343658251f72e1dd17dbc,/media/tersiteab/new_drive/checker_model/Point-Cloud-Similarity-Score/output/nuscenes/nuscenes_inference.json
0.736636,nuscenes,FULL_DETECTION,21,False,0.769406,0.217378,0.0,6f83169d067343658251f72e1dd17dbc,/media/tersiteab/new_drive/checker_model/Point-Cloud-Similarity-Score/output/nuscenes/nuscenes_inference.json
0.737532,nuscenes,FULL_DETECTION,22,False,0.742422,0.217234,0.0,6f83169d067343658251f72e1dd17dbc,/media/tersiteab/new_drive/checker_model/Point-Cloud-Similarity-Score/output/nuscenes/nuscenes_inference.json
0.742213,nuscenes,FULL_DETECTION,23,False,0.756541,0.217253,0.0,6f83169d067343658251f72e1dd17dbc,/media/tersiteab/new_drive/checker_model/Point-Cloud-Similarity-Score/output/nuscenes/nuscenes_inference.json
0.746821,nuscenes,FULL_DETECTION,24,False,0.759445,0.218335,0.0,6f83169d067343658251f72e1dd17dbc,/media/tersiteab/new_drive/checker_model/Point-Cloud-Similarity-Score/output/nuscenes/nuscenes_inference.json
0.748396,nuscenes,FULL_DETECTION,25,True,0.750534,0.219195,0.002138,6f83169d067343658251f72e1dd17dbc,/media/tersiteab/new_drive/checker_model/Point-Cloud-Similarity-Score/output/nuscenes/nuscenes_inference.json
0.753982,nuscenes,FULL_DETECTION,26,False,0.760963,0.214923,0.0,6f83169d067343658251f72e1dd17dbc,/media/tersiteab/new_drive/checker_model/Point-Cloud-Similarity-Score/output/nuscenes/nuscenes_inference.json
0.757514,nuscenes,FULL_DETECTION,27,False,0.768157,0.215353,0.0,6f83169d067343658251f72e1dd17dbc,/media/tersiteab/new_drive/checker_model/Point-Cloud-Similarity-Score/output/nuscenes/nuscenes_inference.json
0.776823,nuscenes,FULL_DETECTION,28,False,0.775884,0.215872,0.0,6f83169d067343658251f72e1dd17dbc,/media/tersiteab/new_drive/checker_model/Point-Cloud-Similarity-Score/output/nuscenes/nuscenes_inference.json
0.773595,nuscenes,FULL_DETECTION,29,False,0.742419,0.216154,0.0,6f83169d067343658251f72e1dd17dbc,/media/tersiteab/new_drive/checker_model/Point-Cloud-Similarity-Score/output/nuscenes/nuscenes_inference.json
0.779412,nuscenes,FULL_DETECTION,30,True,0.763006,0.216042,0.016405,6f83169d067343658251f72e1dd17dbc,/media/tersiteab/new_drive/checker_model/Point-Cloud-Similarity-Score/output/nuscenes/nuscenes_inference.json
0.778184,nuscenes,FULL_DETECTION,31,False,0.742858,0.214237,0.0,6f83169d067343658251f72e1dd17dbc,/media/tersiteab/new_drive/checker_model/Point-Cloud-Similarity-Score/output/nuscenes/nuscenes_inference.json
0.791365,nuscenes,FULL_DETECTION,32,False,0.770072,0.215348,0.0,6f83169d067343658251f72e1dd17dbc,/media/tersiteab/new_drive/checker_model/Point-Cloud-Similarity-Score/output/nuscenes/nuscenes_inference.json
0.798238,nuscenes,FULL_DETECTION,33,False,0.781262,0.216965,0.0,6f83169d067343658251f72e1dd17dbc,/media/tersiteab/new_drive/checker_model/Point-Cloud-Similarity-Score/output/nuscenes/nuscenes_inference.json
0.784588,nuscenes,FULL_DETECTION,34,False,0.737885,0.217204,0.0,6f83169d067343658251f72e1dd17dbc,/media/tersiteab/new_drive/checker_model/Point-Cloud-Similarity-Score/output/nuscenes/nuscenes_inference.json
0.803312,nuscenes,FULL_DETECTION,35,True,0.727787,0.217147,0.075525,6f83169d067343658251f72e1dd17dbc,/media/tersiteab/new_drive/checker_model/Point-Cloud-Similarity-Score/output/nuscenes/nuscenes_inference.json
0.805896,nuscenes,FULL_DETECTION,36,False,0.756383,0.209077,0.0,6f83169d067343658251f72e1dd17dbc,/media/tersiteab/new_drive/checker_model/Point-Cloud-Similarity-Score/output/nuscenes/nuscenes_inference.json
0.811214,nuscenes,FULL_DETECTION,37,False,0.763777,0.209133,0.0,6f83169d067343658251f72e1dd17dbc,/media/tersiteab/new_drive/checker_model/Point-Cloud-Similarity-Score/output/nuscenes/nuscenes_inference.json
0.802364,nuscenes,FULL_DETECTION,38,False,0.777275,0.210013,0.0,6f83169d067343658251f72e1dd17dbc,/media/tersiteab/new_drive/checker_model/Point-Cloud-Similarity-Score/output/nuscenes/nuscenes_inference.json
0.823872,nuscenes,FULL_DETECTION,39,False,0.762368,0.209981,0.0,6f83169d067343658251f72e1dd17dbc,/media/tersiteab/new_drive/checker_model/Point-Cloud-Similarity-Score/output/nuscenes/nuscenes_inference.json
0.883001,nuscenes,FULL_DETECTION,0,True,0.594973,0.289415,0.288027,bebf5f5b2a674631ab5c88fd1aa9e87a,/media/tersiteab/new_drive/checker_model/Point-Cloud-Similarity-Score/output/nuscenes/nuscenes_inference.json
0.87998,nuscenes,FULL_DETECTION,1,False,0.744855,0.248769,0.0,bebf5f5b2a674631ab5c88fd1aa9e87a,/media/tersiteab/new_drive/checker_model/Point-Cloud-Similarity-Score/output/nuscenes/nuscenes_inference.json
0.901976,nuscenes,FULL_DETECTION,2,False,0.741607,0.252756,0.0,bebf5f5b2a674631ab5c88fd1aa9e87a,/media/tersiteab/new_drive/checker_model/Point-Cloud-Similarity-Score/output/nuscenes/nuscenes_inference.json
0.863588,nuscenes,FULL_DETECTION,3,False,0.78313,0.256584,0.0,bebf5f5b2a674631ab5c88fd1aa9e87a,/media/tersiteab/new_drive/checker_model/Point-Cloud-Similarity-Score/output/nuscenes/nuscenes_inference.json
0.890787,nuscenes,FULL_DETECTION,4,False,0.767227,0.259982,0.0,bebf5f5b2a674631ab5c88fd1aa9e87a,/media/tersiteab/new_drive/checker_model/Point-Cloud-Similarity-Score/output/nuscenes/nuscenes_inference.json
0.909789,nuscenes,FULL_DETECTION,5,True,0.77168,0.262237,0.138109,bebf5f5b2a674631ab5c88fd1aa9e87a,/media/tersiteab/new_drive/checker_model/Point-Cloud-Similarity-Score/output/nuscenes/nuscenes_inference.json
0.882975,nuscenes,FULL_DETECTION,6,False,0.840279,0.239744,0.0,bebf5f5b2a674631ab5c88fd1aa9e87a,/media/tersiteab/new_drive/checker_model/Point-Cloud-Similarity-Score/output/nuscenes/nuscenes_inference.json
0.89936,nuscenes,FULL_DETECTION,7,False,0.822291,0.242885,0.0,bebf5f5b2a674631ab5c88fd1aa9e87a,/media/tersiteab/new_drive/checker_model/Point-Cloud-Similarity-Score/output/nuscenes/nuscenes_inference.json
0.906645,nuscenes,FULL_DETECTION,8,False,0.77844,0.23467,0.0,bebf5f5b2a674631ab5c88fd1aa9e87a,/media/tersiteab/new_drive/checker_model/Point-Cloud-Similarity-Score/output/nuscenes/nuscenes_inference.json
0.905037,nuscenes,FULL_DETECTION,9,False,0.77243,0.237055,0.0,bebf5f5b2a674631ab5c88fd1aa9e87a,/media/tersiteab/new_drive/checker_model/Point-Cloud-Similarity-Score/output/nuscenes/nuscenes_inference.json
0.903663,nuscenes,FULL_DETECTION,10,True,0.785797,0.240581,0.117866,bebf5f5b2a674631ab5c88fd1aa9e87a,/media/tersiteab/new_drive/checker_model/Point-Cloud-Similarity-Score/output/nuscenes/nuscenes_inference.json
0.905791,nuscenes,FULL_DETECTION,11,False,0.804592,0.221589,0.0,bebf5f5b2a674631ab5c88fd1aa9e87a,/media/tersiteab/new_drive/checker_model/Point-Cloud-Similarity-Score/output/nuscenes/nuscenes_inference.json
0.897453,nuscenes,FULL_DETECTION,12,False,0.786469,0.221322,0.0,bebf5f5b2a674631ab5c88fd1aa9e87a,/media/tersiteab/new_drive/checker_model/Point-Cloud-Similarity-Score/output/nuscenes/nuscenes_inference.json
0.895187,nuscenes,FULL_DETECTION,13,False,0.824883,0.224584,0.0,bebf5f5b2a674631ab5c88fd1aa9e87a,/media/tersiteab/new_drive/checker_model/Point-Cloud-Similarity-Score/output/nuscenes/nuscenes_inference.json
0.896067,nuscenes,FULL_DETECTION,14,False,0.836305,0.225472,0.0,bebf5f5b2a674631ab5c88fd1aa9e87a,/media/tersiteab/new_drive/checker_model/Point-Cloud-Similarity-Score/output/nuscenes/nuscenes_inference.json
0.905698,nuscenes,FULL_DETECTION,15,True,0.741343,0.218241,0.164355,bebf5f5b2a674631ab5c88fd1aa9e87a,/media/tersiteab/new_drive/checker_model/Point-Cloud-Similarity-Score/output/nuscenes/nuscenes_inference.json
0.916866,nuscenes,FULL_DETECTION,16,False,0.688081,0.212952,0.0,bebf5f5b2a674631ab5c88fd1aa9e87a,/media/tersiteab/new_drive/checker_model/Point-Cloud-Similarity-Score/output/nuscenes/nuscenes_inference.json
0.917196,nuscenes,FULL_DETECTION,17,False,0.678772,0.212527,0.0,bebf5f5b2a674631ab5c88fd1aa9e87a,/media/tersiteab/new_drive/checker_model/Point-Cloud-Similarity-Score/output/nuscenes/nuscenes_inference.json
0.926199,nuscenes,FULL_DETECTION,18,False,0.781943,0.217934,0.0,bebf5f5b2a674631ab5c88fd1aa9e87a,/media/tersiteab/new_drive/checker_model/Point-Cloud-Similarity-Score/output/nuscenes/nuscenes_inference.json
0.915497,nuscenes,FULL_DETECTION,19,False,0.808467,0.219001,0.0,bebf5f5b2a674631ab5c88fd1aa9e87a,/media/tersiteab/new_drive/checker_model/Point-Cloud-Similarity-Score/output/nuscenes/nuscenes_inference.json
0.915859,nuscenes,FULL_DETECTION,20,True,0.846555,0.219869,0.069303,bebf5f5b2a674631ab5c88fd1aa9e87a,/media/tersiteab/new_drive/checker_model/Point-Cloud-Similarity-Score/output/nuscenes/nuscenes_inference.json
0.917946,nuscenes,FULL_DETECTION,21,False,0.895666,0.218917,0.0,bebf5f5b2a674631ab5c88fd1aa9e87a,/media/tersiteab/new_drive/checker_model/Point-Cloud-Similarity-Score/output/nuscenes/nuscenes_inference.json
0.91673,nuscenes,FULL_DETECTION,22,False,0.960156,0.221328,0.0,bebf5f5b2a674631ab5c88fd1aa9e87a,/media/tersiteab/new_drive/checker_model/Point-Cloud-Similarity-Score/output/nuscenes/nuscenes_inference.json
0.918814,nuscenes,FULL_DETECTION,23,False,0.874216,0.218066,0.0,bebf5f5b2a674631ab5c88fd1aa9e87a,/media/tersiteab/new_drive/checker_model/Point-Cloud-Similarity-Score/output/nuscenes/nuscenes_inference.json
0.936075,nuscenes,FULL_DETECTION,24,False,0.84283,0.218154,0.0,bebf5f5b2a674631ab5c88fd1aa9e87a,/media/tersiteab/new_drive/checker_model/Point-Cloud-Similarity-Score/output/nuscenes/nuscenes_inference.json
0.922102,nuscenes,FULL_DETECTION,25,True,0.82256,0.219706,0.099542,bebf5f5b2a674631ab5c88fd1aa9e87a,/media/tersiteab/new_drive/checker_model/Point-Cloud-Similarity-Score/output/nuscenes/nuscenes_inference.json
0.910337,nuscenes,FULL_DETECTION,26,False,0.868333,0.216535,0.0,bebf5f5b2a674631ab5c88fd1aa9e87a,/media/tersiteab/new_drive/checker_model/Point-Cloud-Similarity-Score/output/nuscenes/nuscenes_inference.json
0.901972,nuscenes,FULL_DETECTION,27,False,0.925095,0.220782,0.0,bebf5f5b2a674631ab5c88fd1aa9e87a,/media/tersiteab/new_drive/checker_model/Point-Cloud-Similarity-Score/output/nuscenes/nuscenes_inference.json
0.912778,nuscenes,FULL_DETECTION,28,False,0.914889,0.220978,0.0,bebf5f5b2a674631ab5c88fd1aa9e87a,/media/tersiteab/new_drive/checker_model/Point-Cloud-Similarity-Score/output/nuscenes/nuscenes_inference.json
0.875654,nuscenes,FULL_DETECTION,29,False,0.957168,0.221179,0.0,bebf5f5b2a674631ab5c88fd1aa9e87a,/media/tersiteab/new_drive/checker_model/Point-Cloud-Similarity-Score/output/nuscenes/nuscenes_inference.json
0.873491,nuscenes,FULL_DETECTION,30,True,0.98209,0.22363,0.108599,bebf5f5b2a674631ab5c88fd1aa9e87a,/media/tersiteab/new_drive/checker_model/Point-Cloud-Similarity-Score/output/nuscenes/nuscenes_inference.json
0.855325,nuscenes,FULL_DETECTION,31,False,0.844198,0.217228,0.0,bebf5f5b2a674631ab5c88fd1aa9e87a,/media/tersiteab/new_drive/checker_model/Point-Cloud-Similarity-Score/output/nuscenes/nuscenes_inference.json
0.90286,nuscenes,FULL_DETECTION,32,False,0.761528,0.21461,0.0,bebf5f5b2a674631ab5c88fd1aa9e87a,/media/tersiteab/new_drive/checker_model/Point-Cloud-Similarity-Score/output/nuscenes/nuscenes_inference.json
0.901297,nuscenes,FULL_DETECTION,33,False,0.793371,0.21489,0.0,bebf5f5b2a674631ab5c88fd1aa9e87a,/media/tersiteab/new_drive/checker_model/Point-Cloud-Similarity-Score/output/nuscenes/nuscenes_inference.json
0.886432,nuscenes,FULL_DETECTION,34,False,0.817068,0.215752,0.0,bebf5f5b2a674631ab5c88fd1aa9e87a,/media/tersiteab/new_drive/checker_model/Point-Cloud-Similarity-Score/output/nuscenes/nuscenes_inference.json
0.865067,nuscenes,FULL_DETECTION,35,True,0.877207,0.218977,0.01214,bebf5f5b2a674631ab5c88fd1aa9e87a,/media/tersiteab/new_drive/checker_model/Point-Cloud-Similarity-Score/output/nuscenes/nuscenes_inference.json
0.874592,nuscenes,FULL_DETECTION,36,False,0.9476,0.221488,0.0,bebf5f5b2a674631ab5c88fd1aa9e87a,/media/tersiteab/new_drive/checker_model/Point-Cloud-Similarity-Score/output/nuscenes/nuscenes_inference.json
0.856137,nuscenes,FULL_DETECTION,37,False,0.99116,0.232994,0.0,bebf5f5b2a674631ab5c88fd1aa9e87a,/media/tersiteab/new_drive/checker_model/Point-Cloud-Similarity-Score/output/nuscenes/nuscenes_inference.json
0.854712,nuscenes,FULL_DETECTION,38,False,0.883314,0.222314,0.0,bebf5f5b2a674631ab5c88fd1aa9e87a,/media/tersiteab/new_drive/checker_model/Point-Cloud-Similarity-Score/output/nuscenes/nuscenes_inference.json
0.845956,nuscenes,FULL_DETECTION,39,False,0.899597,0.225411,0.0,bebf5f5b2a674631ab5c88fd1aa9e87a,/media/tersiteab/new_drive/checker_model/Point-Cloud-Similarity-Score/output/nuscenes/nuscenes_inference.json
0.833026,nuscenes,FULL_DETECTION,0,True,0.300726,0.287837,0.5323,2fc3753772e241f2ab2cd16a784cc680,/media/tersiteab/new_drive/checker_model/Point-Cloud-Similarity-Score/output/nuscenes/nuscenes_inference.json
0.832895,nuscenes,FULL_DETECTION,1,False,0.561577,0.246908,0.0,2fc3753772e241f2ab2cd16a784cc680,/media/tersiteab/new_drive/checker_model/Point-Cloud-Similarity-Score/output/nuscenes/nuscenes_inference.json
0.818434,nuscenes,FULL_DETECTION,2,False,0.570851,0.24727,0.0,2fc3753772e241f2ab2cd16a784cc680,/media/tersiteab/new_drive/checker_model/Point-Cloud-Similarity-Score/output/nuscenes/nuscenes_inference.json
0.817782,nuscenes,FULL_DETECTION,3,False,0.585021,0.248123,0.0,2fc3753772e241f2ab2cd16a784cc680,/media/tersiteab/new_drive/checker_model/Point-Cloud-Similarity-Score/output/nuscenes/nuscenes_inference.json
0.786192,nuscenes,FULL_DETECTION,4,False,0.585676,0.248193,0.0,2fc3753772e241f2ab2cd16a784cc680,/media/tersiteab/new_drive/checker_model/Point-Cloud-Similarity-Score/output/nuscenes/nuscenes_inference.json
0.81172,nuscenes,FULL_DETECTION,5,True,0.576558,0.247019,0.235162,2fc3753772e241f2ab2cd16a784cc680,/media/tersiteab/new_drive/checker_model/Point-Cloud-Similarity-Score/output/nuscenes/nuscenes_inference.json
0.763944,nuscenes,FULL_DETECTION,6,False,0.656629,0.231018,0.0,2fc3753772e241f2ab2cd16a784cc680,/media/tersiteab/new_drive/checker_model/Point-Cloud-Similarity-Score/output/nuscenes/nuscenes_inference.json
0.805556,nuscenes,FULL_DETECTION,7,False,0.649829,0.231249,0.0,2fc3753772e241f2ab2cd16a784cc680,/media/tersiteab/new_drive/checker_model/Point-Cloud-Similarity-Score/output/nuscenes/nuscenes_inference.json
0.75293,nuscenes,FULL_DETECTION,8,False,0.647017,0.23101,0.0,2fc3753772e241f2ab2cd16a784cc680,/media/tersiteab/new_drive/checker_model/Point-Cloud-Similarity-Score/output/nuscenes/nuscenes_inference.json
0.716731,nuscenes,FULL_DETECTION,9,False,0.651762,0.230501,0.0,2fc3753772e241f2ab2cd16a784cc680,/media/tersiteab/new_drive/checker_model/Point-Cloud-Similarity-Score/output/nuscenes/nuscenes_inference.json
0.716538,nuscenes,FULL_DETECTION,10,True,0.64855,0.230501,0.067988,2fc3753772e241f2ab2cd16a784cc680,/media/tersiteab/new_drive/checker_model/Point-Cloud-Similarity-Score/output/nuscenes/nuscenes_inference.json
0.706997,nuscenes,FULL_DETECTION,11,False,0.665406,0.223633,0.0,2fc3753772e241f2ab2cd16a784cc680,/media/tersiteab/new_drive/checker_model/Point-Cloud-Similarity-Score/output/nuscenes/nuscenes_inference.json
0.705799,nuscenes,FULL_DETECTION,12,False,0.657174,0.225039,0.0,2fc3753772e241f2ab2cd16a784cc680,/media/tersiteab/new_drive/checker_model/Point-Cloud-Similarity-Score/output/nuscenes/nuscenes_inference.json
0.687612,nuscenes,FULL_DETECTION,13,False,0.700067,0.22377,0.0,2fc3753772e241f2ab2cd16a784cc680,/media/tersiteab/new_drive/checker_model/Point-Cloud-Similarity-Score/output/nuscenes/nuscenes_inference.json
0.671324,nuscenes,FULL_DETECTION,14,False,0.683709,0.224904,0.0,2fc3753772e241f2ab2cd16a784cc680,/media/tersiteab/new_drive/checker_model/Point-Cloud-Similarity-Score/output/nuscenes/nuscenes_inference.json
0.648359,nuscenes,FULL_DETECTION,15,True,0.710515,0.22343,0.062156,2fc3753772e241f2ab2cd16a784cc680,/media/tersiteab/new_drive/checker_model/Point-Cloud-Similarity-Score/output/nuscenes/nuscenes_inference.json
0.621912,nuscenes,FULL_DETECTION,16,False,0.70783,0.219057,0.0,2fc3753772e241f2ab2cd16a784cc680,/media/tersiteab/new_drive/checker_model/Point-Cloud-Similarity-Score/output/nuscenes/nuscenes_inference.json
0.580907,nuscenes,FULL_DETECTION,17,False,0.680596,0.219541,0.0,2fc3753772e241f2ab2cd16a784cc680,/media/tersiteab/new_drive/checker_model/Point-Cloud-Similarity-Score/output/nuscenes/nuscenes_inference.json
0.556185,nuscenes,FULL_DETECTION,18,False,0.692535,0.21907,0.0,2fc3753772e241f2ab2cd16a784cc680,/media/tersiteab/new_drive/checker_model/Point-Cloud-Similarity-Score/output/nuscenes/nuscenes_inference.json
0.585382,nuscenes,FULL_DETECTION,19,False,0.694201,0.219156,0.0,2fc3753772e241f2ab2cd16a784cc680,/media/tersiteab/new_drive/checker_model/Point-Cloud-Similarity-Score/output/nuscenes/nuscenes_inference.json
0.609522,nuscenes,FULL_DETECTION,20,True,0.666957,0.220005,0.057435,2fc3753772e241f2ab2cd16a784cc680,/media/tersiteab/new_drive/checker_model/Point-Cloud-Similarity-Score/output/nuscenes/nuscenes_inference.json
0.609844,nuscenes,FULL_DETECTION,21,False,0.665984,0.216219,0.0,2fc3753772e241f2ab2cd16a784cc680,/media/tersiteab/new_drive/checker_model/Point-Cloud-Similarity-Score/output/nuscenes/nuscenes_inference.json
0.636392,nuscenes,FULL_DETECTION,22,False,0.653218,0.217179,0.0,2fc3753772e241f2ab2cd16a784cc680,/media/tersiteab/new_drive/checker_model/Point-Cloud-Similarity-Score/output/nuscenes/nuscenes_inference.json
0.621922,nuscenes,FULL_DETECTION,23,False,0.663491,0.216439,0.0,2fc3753772e241f2ab2cd16a784cc680,/media/tersiteab/new_drive/checker_model/Point-Cloud-Similarity-Score/output/nuscenes/nuscenes_inference.json
0.622298,nuscenes,FULL_DETECTION,24,False,0.623026,0.217698,0.0,2fc3753772e241f2ab2cd16a784cc680,/media/tersiteab/new_drive/checker_model/Point-Cloud-Similarity-Score/output/nuscenes/nuscenes_inference.json
0.604506,nuscenes,FULL_DETECTION,25,True,0.610924,0.218749,0.006418,2fc3753772e241f2ab2cd16a784cc680,/media/tersiteab/new_drive/checker_model/Point-Cloud-Similarity-Score/output/nuscenes/nuscenes_inference.json
0.600491,nuscenes,FULL_DETECTION,26,False,0.605211,0.216675,0.0,2fc3753772e241f2ab2cd16a784cc680,/media/tersiteab/new_drive/checker_model/Point-Cloud-Similarity-Score/output/nuscenes/nuscenes_inference.json
0.61923,nuscenes,FULL_DETECTION,27,False,0.600027,0.217615,0.0,2fc3753772e241f2ab2cd16a784cc680,/media/tersiteab/new_drive/checker_model/Point-Cloud-Similarity-Score/output/nuscenes/nuscenes_inference.json
0.635609,nuscenes,FULL_DETECTION,28,False,0.58714,0.21689,0.0,2fc3753772e241f2ab2cd16a784cc680,/media/tersiteab/new_drive/checker_model/Point-Cloud-Similarity-Score/output/nuscenes/nuscenes_inference.json
0.618429,nuscenes,FULL_DETECTION,29,False,0.593425,0.216509,0.0,2fc3753772e241f2ab2cd16a784cc680,/media/tersiteab/new_drive/checker_model/Point-Cloud-Similarity-Score/output/nuscenes/nuscenes_inference.json
0.637047,nuscenes,FULL_DETECTION,30,True,0.587442,0.217619,0.049605,2fc3753772e241f2ab2cd16a784cc680,/media/tersiteab/new_drive/checker_model/Point-Cloud-Similarity-Score/output/nuscenes/nuscenes_inference.json
0.665277,nuscenes,FULL_DETECTION,31,False,0.595419,0.215156,0.0,2fc3753772e241f2ab2cd16a784cc680,/media/tersiteab/new_drive/checker_model/Point-Cloud-Similarity-Score/output/nuscenes/nuscenes_inference.json
0.665093,nuscenes,FULL_DETECTION,32,False,0.570633,0.215856,0.0,2fc3753772e241f2ab2cd16a784cc680,/media/tersiteab/new_drive/checker_model/Point-Cloud-Similarity-Score/output/nuscenes/nuscenes_inference.json
0.639818,nuscenes,FULL_DETECTION,33,False,0.591047,0.215813,0.0,2fc3753772e241f2ab2cd16a784cc680,/media/tersiteab/new_drive/checker_model/Point-Cloud-Similarity-Score/output/nuscenes/nuscenes_inference.json
0.6578,nuscenes,FULL_DETECTION,34,False,0.571919,0.218085,0.0,2fc3753772e241f2ab2cd16a784cc680,/media/tersiteab/new_drive/checker_model/Point-Cloud-Similarity-Score/output/nuscenes/nuscenes_inference.json
0.713353,nuscenes,FULL_DETECTION,35,True,0.646063,0.213014,0.067291,2fc3753772e241f2ab2cd16a784cc680,/media/tersiteab/new_drive/checker_model/Point-Cloud-Similarity-Score/output/nuscenes/nuscenes_inference.json
0.744752,nuscenes,FULL_DETECTION,36,False,0.646883,0.211828,0.0,2fc3753772e241f2ab2cd16a784cc680,/media/tersiteab/new_drive/checker_model/Point-Cloud-Similarity-Score/output/nuscenes/nuscenes_inference.json
0.729758,nuscenes,FULL_DETECTION,37,False,0.644279,0.211792,0.0,2fc3753772e241f2ab2cd16a784cc680,/media/tersiteab/new_drive/checker_model/Point-Cloud-Similarity-Score/output/nuscenes/nuscenes_inference.json
0.780207,nuscenes,FULL_DETECTION,38,False,0.616361,0.214327,0.0,2fc3753772e241f2ab2cd16a784cc680,/media/tersiteab/new_drive/checker_model/Point-Cloud-Similarity-Score/output/nuscenes/nuscenes_inference.json
0.806505,nuscenes,FULL_DETECTION,39,False,0.59626,0.214592,0.0,2fc3753772e241f2ab2cd16a784cc680,/media/tersiteab/new_drive/checker_model/Point-Cloud-Similarity-Score/output/nuscenes/nuscenes_inference.json
0.207108,nuscenes,FULL_DETECTION,0,True,0.359036,0.257694,0.151928,c5224b9b454b4ded9b5d2d2634bbda8a,/media/tersiteab/new_drive/checker_model/Point-Cloud-Similarity-Score/output/nuscenes/nuscenes_inference.json
0.244385,nuscenes,FULL_DETECTION,1,False,0.265848,0.236926,0.0,c5224b9b454b4ded9b5d2d2634bbda8a,/media/tersiteab/new_drive/checker_model/Point-Cloud-Similarity-Score/output/nuscenes/nuscenes_inference.json
0.260357,nuscenes,FULL_DETECTION,2,False,0.260939,0.235731,0.0,c5224b9b454b4ded9b5d2d2634bbda8a,/media/tersiteab/new_drive/checker_model/Point-Cloud-Similarity-Score/output/nuscenes/nuscenes_inference.json
0.242334,nuscenes,FULL_DETECTION,3,False,0.306629,0.236231,0.0,c5224b9b454b4ded9b5d2d2634bbda8a,/media/tersiteab/new_drive/checker_model/Point-Cloud-Similarity-Score/output/nuscenes/nuscenes_inference.json
0.212452,nuscenes,FULL_DETECTION,4,False,0.272547,0.238605,0.0,c5224b9b454b4ded9b5d2d2634bbda8a,/media/tersiteab/new_drive/checker_model/Point-Cloud-Similarity-Score/output/nuscenes/nuscenes_inference.json
0.210672,nuscenes,FULL_DETECTION,5,True,0.298016,0.242578,0.087344,c5224b9b454b4ded9b5d2d2634bbda8a,/media/tersiteab/new_drive/checker_model/Point-Cloud-Similarity-Score/output/nuscenes/nuscenes_inference.json
0.272562,nuscenes,FULL_DETECTION,6,False,0.250151,0.223599,0.0,c5224b9b454b4ded9b5d2d2634bbda8a,/media/tersiteab/new_drive/checker_model/Point-Cloud-Similarity-Score/output/nuscenes/nuscenes_inference.json
0.272147,nuscenes,FULL_DETECTION,7,False,0.209644,0.223048,0.0,c5224b9b454b4ded9b5d2d2634bbda8a,/media/tersiteab/new_drive/checker_model/Point-Cloud-Similarity-Score/output/nuscenes/nuscenes_inference.json
0.278244,nuscenes,FULL_DETECTION,8,False,0.240477,0.223562,0.0,c5224b9b454b4ded9b5d2d2634bbda8a,/media/tersiteab/new_drive/checker_model/Point-Cloud-Similarity-Score/output/nuscenes/nuscenes_inference.json
0.281437,nuscenes,FULL_DETECTION,9,False,0.281872,0.22749,0.0,c5224b9b454b4ded9b5d2d2634bbda8a,/media/tersiteab/new_drive/checker_model/Point-Cloud-Similarity-Score/output/nuscenes/nuscenes_inference.json
0.331348,nuscenes,FULL_DETECTION,10,True,0.322662,0.237375,0.008686,c5224b9b454b4ded9b5d2d2634bbda8a,/media/tersiteab/new_drive/checker_model/Point-Cloud-Similarity-Score/output/nuscenes/nuscenes_inference.json
0.287961,nuscenes,FULL_DETECTION,11,False,0.379304,0.222951,0.0,c5224b9b454b4ded9b5d2d2634bbda8a,/media/tersiteab/new_drive/checker_model/Point-Cloud-Similarity-Score/output/nuscenes/nuscenes_inference.json
0.327668,nuscenes,FULL_DETECTION,12,False,0.426318,0.234256,0.0,c5224b9b454b4ded9b5d2d2634bbda8a,/media/tersiteab/new_drive/checker_model/Point-Cloud-Similarity-Score/output/nuscenes/nuscenes_inference.json
0.364622,nuscenes,FULL_DETECTION,13,False,0.387775,0.240401,0.0,c5224b9b454b4ded9b5d2d2634bbda8a,/media/tersiteab/new_drive/checker_model/Point-Cloud-Similarity-Score/output/nuscenes/nuscenes_inference.json
0.347546,nuscenes,FULL_DETECTION,14,False,0.353067,0.229976,0.0,c5224b9b454b4ded9b5d2d2634bbda8a,/media/tersiteab/new_drive/checker_model/Point-Cloud-Similarity-Score/output/nuscenes/nuscenes_inference.json
0.284221,nuscenes,FULL_DETECTION,15,True,0.349274,0.229102,0.065053,c5224b9b454b4ded9b5d2d2634bbda8a,/media/tersiteab/new_drive/checker_model/Point-Cloud-Similarity-Score/output/nuscenes/nuscenes_inference.json
0.301028,nuscenes,FULL_DETECTION,16,False,0.325819,0.217537,0.0,c5224b9b454b4ded9b5d2d2634bbda8a,/media/tersiteab/new_drive/checker_model/Point-Cloud-Similarity-Score/output/nuscenes/nuscenes_inference.json
0.326768,nuscenes,FULL_DETECTION,17,False,0.326679,0.218154,0.0,c5224b9b454b4ded9b5d2d2634bbda8a,/media/tersiteab/new_drive/checker_model/Point-Cloud-Similarity-Score/output/nuscenes/nuscenes_inference.json
0.342031,nuscenes,FULL_DETECTION,18,False,0.338799,0.215441,0.0,c5224b9b454b4ded9b5d2d2634bbda8a,/media/tersiteab/new_drive/checker_model/Point-Cloud-Similarity-Score/output/nuscenes/nuscenes_inference.json
0.479437,nuscenes,FULL_DETECTION,19,False,0.291006,0.215913,0.0,c5224b9b454b4ded9b5d2d2634bbda8a,/media/tersiteab/new_drive/checker_model/Point-Cloud-Similarity-Score/output/nuscenes/nuscenes_inference.json
0.40618,nuscenes,FULL_DETECTION,20,True,0.274419,0.21532,0.131762,c5224b9b454b4ded9b5d2d2634bbda8a,/media/tersiteab/new_drive/checker_model/Point-Cloud-Similarity-Score/output/nuscenes/nuscenes_inference.json
0.360788,nuscenes,FULL_DETECTION,21,False,0.33859,0.214965,0.0,c5224b9b454b4ded9b5d2d2634bbda8a,/media/tersiteab/new_drive/checker_model/Point-Cloud-Similarity-Score/output/nuscenes/nuscenes_inference.json
0.263422,nuscenes,FULL_DETECTION,22,False,0.308172,0.215542,0.0,c5224b9b454b4ded9b5d2d2634bbda8a,/media/tersiteab/new_drive/checker_model/Point-Cloud-Similarity-Score/output/nuscenes/nuscenes_inference.json
0.257367,nuscenes,FULL_DETECTION,23,False,0.324266,0.213515,0.0,c5224b9b454b4ded9b5d2d2634bbda8a,/media/tersiteab/new_drive/checker_model/Point-Cloud-Similarity-Score/output/nuscenes/nuscenes_inference.json
0.352759,nuscenes,FULL_DETECTION,24,False,0.367888,0.21474,0.0,c5224b9b454b4ded9b5d2d2634bbda8a,/media/tersiteab/new_drive/checker_model/Point-Cloud-Similarity-Score/output/nuscenes/nuscenes_inference.json
0.339713,nuscenes,FULL_DETECTION,25,True,0.370719,0.214214,0.031006,c5224b9b454b4ded9b5d2d2634bbda8a,/media/tersiteab/new_drive/checker_model/Point-Cloud-Similarity-Score/output/nuscenes/nuscenes_inference.json
0.371281,nuscenes,FULL_DETECTION,26,False,0.374803,0.212363,0.0,c5224b9b454b4ded9b5d2d2634bbda8a,/media/tersiteab/new_drive/checker_model/Point-Cloud-Similarity-Score/output/nuscenes/nuscenes_inference.json
0.383676,nuscenes,FULL_DETECTION,27,False,0.322342,0.211311,0.0,c5224b9b454b4ded9b5d2d2634bbda8a,/media/tersiteab/new_drive/checker_model/Point-Cloud-Similarity-Score/output/nuscenes/nuscenes_inference.json
0.367027,nuscenes,FULL_DETECTION,28,False,0.364891,0.211491,0.0,c5224b9b454b4ded9b5d2d2634bbda8a,/media/tersiteab/new_drive/checker_model/Point-Cloud-Similarity-Score/output/nuscenes/nuscenes_inference.json
0.451935,nuscenes,FULL_DETECTION,29,False,0.373368,0.210976,0.0,c5224b9b454b4ded9b5d2d2634bbda8a,/media/tersiteab/new_drive/checker_model/Point-Cloud-Similarity-Score/output/nuscenes/nuscenes_inference.json
0.423569,nuscenes,FULL_DETECTION,30,True,0.360391,0.210645,0.063178,c5224b9b454b4ded9b5d2d2634bbda8a,/media/tersiteab/new_drive/checker_model/Point-Cloud-Similarity-Score/output/nuscenes/nuscenes_inference.json
0.266803,nuscenes,FULL_DETECTION,31,False,0.356669,0.209908,0.0,c5224b9b454b4ded9b5d2d2634bbda8a,/media/tersiteab/new_drive/checker_model/Point-Cloud-Similarity-Score/output/nuscenes/nuscenes_inference.json
0.273356,nuscenes,FULL_DETECTION,32,False,0.352958,0.211428,0.0,c5224b9b454b4ded9b5d2d2634bbda8a,/media/tersiteab/new_drive/checker_model/Point-Cloud-Similarity-Score/output/nuscenes/nuscenes_inference.json
0.09474,nuscenes,FULL_DETECTION,33,False,0.217356,0.217212,0.0,c5224b9b454b4ded9b5d2d2634bbda8a,/media/tersiteab/new_drive/checker_model/Point-Cloud-Similarity-Score/output/nuscenes/nuscenes_inference.json
0.127923,nuscenes,FULL_DETECTION,34,False,0.254126,0.212111,0.0,c5224b9b454b4ded9b5d2d2634bbda8a,/media/tersiteab/new_drive/checker_model/Point-Cloud-Similarity-Score/output/nuscenes/nuscenes_inference.json
0.127814,nuscenes,FULL_DETECTION,35,True,0.264231,0.211569,0.136417,c5224b9b454b4ded9b5d2d2634bbda8a,/media/tersiteab/new_drive/checker_model/Point-Cloud-Similarity-Score/output/nuscenes/nuscenes_inference.json
0.064678,nuscenes,FULL_DETECTION,36,False,0.301861,0.209663,0.0,c5224b9b454b4ded9b5d2d2634bbda8a,/media/tersiteab/new_drive/checker_model/Point-Cloud-Similarity-Score/output/nuscenes/nuscenes_inference.json
0.0993,nuscenes,FULL_DETECTION,37,False,0.299185,0.2102,0.0,c5224b9b454b4ded9b5d2d2634bbda8a,/media/tersiteab/new_drive/checker_model/Point-Cloud-Similarity-Score/output/nuscenes/nuscenes_inference.json
0.087491,nuscenes,FULL_DETECTION,38,False,0.289133,0.210756,0.0,c5224b9b454b4ded9b5d2d2634bbda8a,/media/tersiteab/new_drive/checker_model/Point-Cloud-Similarity-Score/output/nuscenes/nuscenes_inference.json
0.836573,nuscenes,FULL_DETECTION,0,True,0.710769,0.213168,0.125804,325cef682f064c55a255f2625c533b75,/media/tersiteab/new_drive/checker_model/Point-Cloud-Similarity-Score/output/nuscenes/nuscenes_inference.json
0.846149,nuscenes,FULL_DETECTION,1,False,0.751649,0.215039,0.0,325cef682f064c55a255f2625c533b75,/media/tersiteab/new_drive/checker_model/Point-Cloud-Similarity-Score/output/nuscenes/nuscenes_inference.json
0.878247,nuscenes,FULL_DETECTION,2,False,0.70357,0.20834,0.0,325cef682f064c55a255f2625c533b75,/media/tersiteab/new_drive/checker_model/Point-Cloud-Similarity-Score/output/nuscenes/nuscenes_inference.json
0.861854,nuscenes,FULL_DETECTION,3,False,0.716657,0.20852,0.0,325cef682f064c55a255f2625c533b75,/media/tersiteab/new_drive/checker_model/Point-Cloud-Similarity-Score/output/nuscenes/nuscenes_inference.json
0.882146,nuscenes,FULL_DETECTION,4,False,0.706184,0.207782,0.0,325cef682f064c55a255f2625c533b75,/media/tersiteab/new_drive/checker_model/Point-Cloud-Similarity-Score/output/nuscenes/nuscenes_inference.json
0.875417,nuscenes,FULL_DETECTION,5,True,0.690891,0.206353,0.184525,325cef682f064c55a255f2625c533b75,/media/tersiteab/new_drive/checker_model/Point-Cloud-Similarity-Score/output/nuscenes/nuscenes_inference.json
0.880293,nuscenes,FULL_DETECTION,6,False,0.688721,0.205728,0.0,325cef682f064c55a255f2625c533b75,/media/tersiteab/new_drive/checker_model/Point-Cloud-Similarity-Score/output/nuscenes/nuscenes_inference.json
0.879356,nuscenes,FULL_DETECTION,7,False,0.716784,0.206546,0.0,325cef682f064c55a255f2625c533b75,/media/tersiteab/new_drive/checker_model/Point-Cloud-Similarity-Score/output/nuscenes/nuscenes_inference.json
0.888107,nuscenes,FULL_DETECTION,8,False,0.708178,0.20623,0.0,325cef682f064c55a255f2625c533b75,/media/tersiteab/new_drive/checker_model/Point-Cloud-Similarity-Score/output/nuscenes/nuscenes_inference.json
0.886193,nuscenes,FULL_DETECTION,9,False,0.703786,0.206039,0.0,325cef682f064c55a255f2625c533b75,/media/tersiteab/new_drive/checker_model/Point-Cloud-Similarity-Score/output/nuscenes/nuscenes_inference.json
0.886649,nuscenes,FULL_DETECTION,10,True,0.709837,0.206266,0.176812,325cef682f064c55a255f2625c533b75,/media/tersiteab/new_drive/checker_model/Point-Cloud-Similarity-Score/output/nuscenes/nuscenes_inference.json
0.87443,nuscenes,FULL_DETECTION,11,False,0.694718,0.205548,0.0,325cef682f064c55a255f2625c533b75,/media/tersiteab/new_drive/checker_model/Point-Cloud-Similarity-Score/output/nuscenes/nuscenes_inference.json
0.868162,nuscenes,FULL_DETECTION,12,False,0.752145,0.207301,0.0,325cef682f064c55a255f2625c533b75,/media/tersiteab/new_drive/checker_model/Point-Cloud-Similarity-Score/output/nuscenes/nuscenes_inference.json
0.88213,nuscenes,FULL_DETECTION,13,False,0.762036,0.207982,0.0,325cef682f064c55a255f2625c533b75,/media/tersiteab/new_drive/checker_model/Point-Cloud-Similarity-Score/output/nuscenes/nuscenes_inference.json
0.860675,nuscenes,FULL_DETECTION,14,False,0.765773,0.208043,0.0,325cef682f064c55a255f2625c533b75,/media/tersiteab/new_drive/checker_model/Point-Cloud-Similarity-Score/output/nuscenes/nuscenes_inference.json
0.877312,nuscenes,FULL_DETECTION,15,True,0.796232,0.210535,0.08108,325cef682f064c55a255f2625c533b75,/media/tersiteab/new_drive/checker_model/Point-Cloud-Similarity-Score/output/nuscenes/nuscenes_inference.json
0.892843,nuscenes,FULL_DETECTION,16,False,0.780496,0.20764,0.0,325cef682f064c55a255f2625c533b75,/media/tersiteab/new_drive/checker_model/Point-Cloud-Similarity-Score/output/nuscenes/nuscenes_inference.json
0.899144,nuscenes,FULL_DETECTION,17,False,0.810268,0.209794,0.0,325cef682f064c55a255f2625c533b75,/media/tersiteab/new_drive/checker_model/Point-Cloud-Similarity-Score/output/nuscenes/nuscenes_inference.json
0.911354,nuscenes,FULL_DETECTION,18,False,0.880633,0.218906,0.0,325cef682f064c55a255f2625c533b75,/media/tersiteab/new_drive/checker_model/Point-Cloud-Similarity-Score/output/nuscenes/nuscenes_inference.json
0.914712,nuscenes,FULL_DETECTION,19,False,0.81281,0.210017,0.0,325cef682f064c55a255f2625c533b75,/media/tersiteab/new_drive/checker_model/Point-Cloud-Similarity-Score/output/nuscenes/nuscenes_inference.json
0.926443,nuscenes,FULL_DETECTION,20,True,0.800274,0.209429,0.126169,325cef682f064c55a255f2625c533b75,/media/tersiteab/new_drive/checker_model/Point-Cloud-Similarity-Score/output/nuscenes/nuscenes_inference.json
0.926913,nuscenes,FULL_DETECTION,21,False,0.866318,0.212522,0.0,325cef682f064c55a255f2625c533b75,/media/tersiteab/new_drive/checker_model/Point-Cloud-Similarity-Score/output/nuscenes/nuscenes_inference.json
0.915216,nuscenes,FULL_DETECTION,22,False,0.853555,0.211333,0.0,325cef682f064c55a255f2625c533b75,/media/tersiteab/new_drive/checker_model/Point-Cloud-Similarity-Score/output/nuscenes/nuscenes_inference.json
0.921705,nuscenes,FULL_DETECTION,23,False,0.698129,0.212091,0.0,325cef682f064c55a255f2625c533b75,/media/tersiteab/new_drive/checker_model/Point-Cloud-Similarity-Score/output/nuscenes/nuscenes_inference.json
0.922296,nuscenes,FULL_DETECTION,24,False,0.744529,0.212581,0.0,325cef682f064c55a255f2625c533b75,/media/tersiteab/new_drive/checker_model/Point-Cloud-Similarity-Score/output/nuscenes/nuscenes_inference.json
0.932289,nuscenes,FULL_DETECTION,25,True,0.755117,0.20926,0.177172,325cef682f064c55a255f2625c533b75,/media/tersiteab/new_drive/checker_model/Point-Cloud-Similarity-Score/output/nuscenes/nuscenes_inference.json
0.92752,nuscenes,FULL_DETECTION,26,False,0.70463,0.203701,0.0,325cef682f064c55a255f2625c533b75,/media/tersiteab/new_drive/checker_model/Point-Cloud-Similarity-Score/output/nuscenes/nuscenes_inference.json
0.94224,nuscenes,FULL_DETECTION,27,False,0.767374,0.208331,0.0,325cef682f064c55a255f2625c533b75,/media/tersiteab/new_drive/checker_model/Point-Cloud-Similarity-Score/output/nuscenes/nuscenes_inference.json
0.93963,nuscenes,FULL_DETECTION,28,False,0.827879,0.216067,0.0,325cef682f064c55a255f2625c533b75,/media/tersiteab/new_drive/checker_model/Point-Cloud-Similarity-Score/output/nuscenes/nuscenes_inference.json
0.9365,nuscenes,FULL_DETECTION,29,False,0.865475,0.215036,0.0,325cef682f064c55a255f2625c533b75,/media/tersiteab/new_drive/checker_model/Point-Cloud-Similarity-Score/output/nuscenes/nuscenes_inference.json
0.924913,nuscenes,FULL_DETECTION,30,True,0.957708,0.223576,0.032795,325cef682f064c55a255f2625c533b75,/media/tersiteab/new_drive/checker_model/Point-Cloud-Similarity-Score/output/nuscenes/nuscenes_inference.json
0.941081,nuscenes,FULL_DETECTION,31,False,0.995969,0.221245,0.0,325cef682f064c55a255f2625c533b75,/media/tersiteab/new_drive/checker_model/Point-Cloud-Similarity-Score/output/nuscenes/nuscenes_inference.json
0.93263,nuscenes,FULL_DETECTION,32,False,0.95982,0.216628,0.0,325cef682f064c55a255f2625c533b75,/media/tersiteab/new_drive/checker_model/Point-Cloud-Similarity-Score/output/nuscenes/nuscenes_inference.json
0.944858,nuscenes,FULL_DETECTION,33,False,0.972928,0.217216,0.0,325cef682f064c55a255f2625c533b75,/media/tersiteab/new_drive/checker_model/Point-Cloud-Similarity-Score/output/nuscenes/nuscenes_inference.json
0.921719,nuscenes,FULL_DETECTION,34,False,0.980501,0.217545,0.0,325cef682f064c55a255f2625c533b75,/media/tersiteab/new_drive/checker_model/Point-Cloud-Similarity-Score/output/nuscenes/nuscenes_inference.json
0.92765,nuscenes,FULL_DETECTION,35,True,1.0,0.220446,0.07235,325cef682f064c55a255f2625c533b75,/media/tersiteab/new_drive/checker_model/Point-Cloud-Similarity-Score/output/nuscenes/nuscenes_inference.json
0.902709,nuscenes,REUSE,36,False,1.0,0.226011,0.0,325cef682f064c55a255f2625c533b75,/media/tersiteab/new_drive/checker_model/Point-Cloud-Similarity-Score/output/nuscenes/nuscenes_inference.json
0.918234,nuscenes,FULL_DETECTION,37,False,0.996822,0.224053,0.0,325cef682f064c55a255f2625c533b75,/media/tersiteab/new_drive/checker_model/Point-Cloud-Similarity-Score/output/nuscenes/nuscenes_inference.json
0.908257,nuscenes,FULL_DETECTION,38,False,0.992081,0.2233,0.0,325cef682f064c55a255f2625c533b75,/media/tersiteab/new_drive/checker_model/Point-Cloud-Similarity-Score/output/nuscenes/nuscenes_inference.json
0.889748,nuscenes,FULL_DETECTION,39,False,0.914626,0.228791,0.0,325cef682f064c55a255f2625c533b75,/media/tersiteab/new_drive/checker_model/Point-Cloud-Similarity-Score/output/nuscenes/nuscenes_inference.json
0.311351,nuscenes,FULL_DETECTION,0,True,0.501525,0.214078,0.190174,d25718445d89453381c659b9c8734939,/media/tersiteab/new_drive/checker_model/Point-Cloud-Similarity-Score/output/nuscenes/nuscenes_inference.json
0.346913,nuscenes,FULL_DETECTION,1,False,0.506021,0.210808,0.0,d25718445d89453381c659b9c8734939,/media/tersiteab/new_drive/checker_model/Point-Cloud-Similarity-Score/output/nuscenes/nuscenes_inference.json
0.312194,nuscenes,FULL_DETECTION,2,False,0.416097,0.217443,0.0,d25718445d89453381c659b9c8734939,/media/tersiteab/new_drive/checker_model/Point-Cloud-Similarity-Score/output/nuscenes/nuscenes_inference.json
0.293356,nuscenes,FULL_DETECTION,3,False,0.373186,0.215449,0.0,d25718445d89453381c659b9c8734939,/media/tersiteab/new_drive/checker_model/Point-Cloud-Similarity-Score/output/nuscenes/nuscenes_inference.json
0.269565,nuscenes,FULL_DETECTION,4,False,0.39436,0.206588,0.0,d25718445d89453381c659b9c8734939,/media/tersiteab/new_drive/checker_model/Point-Cloud-Similarity-Score/output/nuscenes/nuscenes_inference.json
0.293148,nuscenes,FULL_DETECTION,5,True,0.318103,0.207977,0.024956,d25718445d89453381c659b9c8734939,/media/tersiteab/new_drive/checker_model/Point-Cloud-Similarity-Score/output/nuscenes/nuscenes_inference.json
0.237124,nuscenes,FULL_DETECTION,6,False,0.283026,0.210904,0.0,d25718445d89453381c659b9c8734939,/media/tersiteab/new_drive/checker_model/Point-Cloud-Similarity-Score/output/nuscenes/nuscenes_inference.json
0.211998,nuscenes,FULL_DETECTION,7,False,0.310491,0.208649,0.0,d25718445d89453381c659b9c8734939,/media/tersiteab/new_drive/checker_model/Point-Cloud-Similarity-Score/output/nuscenes/nuscenes_inference.json
0.196575,nuscenes,FULL_DETECTION,8,False,0.385955,0.207427,0.0,d25718445d89453381c659b9c8734939,/media/tersiteab/new_drive/checker_model/Point-Cloud-Similarity-Score/output/nuscenes/nuscenes_inference.json
0.195589,nuscenes,FULL_DETECTION,9,False,0.33901,0.209006,0.0,d25718445d89453381c659b9c8734939,/media/tersiteab/new_drive/checker_model/Point-Cloud-Similarity-Score/output/nuscenes/nuscenes_inference.json
0.192009,nuscenes,FULL_DETECTION,10,True,0.305607,0.20965,0.113598,d25718445d89453381c659b9c8734939,/media/tersiteab/new_drive/checker_model/Point-Cloud-Similarity-Score/output/nuscenes/nuscenes_inference.json
0.159073,nuscenes,FULL_DETECTION,11,False,0.269124,0.21066,0.0,d25718445d89453381c659b9c8734939,/media/tersiteab/new_drive/checker_model/Point-Cloud-Similarity-Score/output/nuscenes/nuscenes_inference.json
0.090746,nuscenes,FULL_DETECTION,12,False,0.283208,0.208437,0.0,d25718445d89453381c659b9c8734939,/media/tersiteab/new_drive/checker_model/Point-Cloud-Similarity-Score/output/nuscenes/nuscenes_inference.json
0.096978,nuscenes,FULL_DETECTION,13,False,0.369105,0.208715,0.0,d25718445d89453381c659b9c8734939,/media/tersiteab/new_drive/checker_model/Point-Cloud-Similarity-Score/output/nuscenes/nuscenes_inference.json
0.096372,nuscenes,FULL_DETECTION,14,False,0.339427,0.209345,0.0,d25718445d89453381c659b9c8734939,/media/tersiteab/new_drive/checker_model/Point-Cloud-Similarity-Score/output/nuscenes/nuscenes_inference.json
0.081748,nuscenes,FULL_DETECTION,15,True,0.198008,0.221074,0.11626,d25718445d89453381c659b9c8734939,/media/tersiteab/new_drive/checker_model/Point-Cloud-Similarity-Score/output/nuscenes/nuscenes_inference.json
0.161869,nuscenes,FULL_DETECTION,16,False,0.430162,0.20845,0.0,d25718445d89453381c659b9c8734939,/media/tersiteab/new_drive/checker_model/Point-Cloud-Similarity-Score/output/nuscenes/nuscenes_inference.json
0.163786,nuscenes,FULL_DETECTION,17,False,0.252131,0.211574,0.0,d25718445d89453381c659b9c8734939,/media/tersiteab/new_drive/checker_model/Point-Cloud-Similarity-Score/output/nuscenes/nuscenes_inference.json
0.182259,nuscenes,FULL_DETECTION,18,False,0.0,0.229016,0.0,d25718445d89453381c659b9c8734939,/media/tersiteab/new_drive/checker_model/Point-Cloud-Similarity-Score/output/nuscenes/nuscenes_inference.json
0.18433,nuscenes,FULL_DETECTION,19,False,0.323626,0.209464,0.0,d25718445d89453381c659b9c8734939,/media/tersiteab/new_drive/checker_model/Point-Cloud-Similarity-Score/output/nuscenes/nuscenes_inference.json
0.248497,nuscenes,FULL_DETECTION,20,True,0.274736,0.212755,0.02624,d25718445d89453381c659b9c8734939,/media/tersiteab/new_drive/checker_model/Point-Cloud-Similarity-Score/output/nuscenes/nuscenes_inference.json
0.224819,nuscenes,FULL_DETECTION,21,False,0.269851,0.211838,0.0,d25718445d89453381c659b9c8734939,/media/tersiteab/new_drive/checker_model/Point-Cloud-Similarity-Score/output/nuscenes/nuscenes_inference.json
0.210405,nuscenes,FULL_DETECTION,22,False,0.1655,0.213535,0.0,d25718445d89453381c659b9c8734939,/media/tersiteab/new_drive/checker_model/Point-Cloud-Similarity-Score/output/nuscenes/nuscenes_inference.json
0.241685,nuscenes,FULL_DETECTION,23,False,0.205903,0.210997,0.0,d25718445d89453381c659b9c8734939,/media/tersiteab/new_drive/checker_model/Point-Cloud-Similarity-Score/output/nuscenes/nuscenes_inference.json
0.241662,nuscenes,FULL_DETECTION,24,False,0.254623,0.209776,0.0,d25718445d89453381c659b9c8734939,/media/tersiteab/new_drive/checker_model/Point-Cloud-Similarity-Score/output/nuscenes/nuscenes_inference.json
0.264582,nuscenes,FULL_DETECTION,25,True,0.275899,0.209552,0.011317,d25718445d89453381c659b9c8734939,/media/tersiteab/new_drive/checker_model/Point-Cloud-Similarity-Score/output/nuscenes/nuscenes_inference.json
0.27446,nuscenes,FULL_DETECTION,26,False,0.228619,0.209536,0.0,d25718445d89453381c659b9c8734939,/media/tersiteab/new_drive/checker_model/Point-Cloud-Similarity-Score/output/nuscenes/nuscenes_inference.json
0.320122,nuscenes,FULL_DETECTION,27,False,0.216877,0.210063,0.0,d25718445d89453381c659b9c8734939,/media/tersiteab/new_drive/checker_model/Point-Cloud-Similarity-Score/output/nuscenes/nuscenes_inference.json
0.393572,nuscenes,FULL_DETECTION,28,False,0.263747,0.209769,0.0,d25718445d89453381c659b9c8734939,/media/tersiteab/new_drive/checker_model/Point-Cloud-Similarity-Score/output/nuscenes/nuscenes_inference.json
0.552644,nuscenes,FULL_DETECTION,29,False,0.248856,0.210326,0.0,d25718445d89453381c659b9c8734939,/media/tersiteab/new_drive/checker_model/Point-Cloud-Similarity-Score/output/nuscenes/nuscenes_inference.json
0.615024,nuscenes,FULL_DETECTION,30,True,0.2211,0.211858,0.393925,d25718445d89453381c659b9c8734939,/media/tersiteab/new_drive/checker_model/Point-Cloud-Similarity-Score/output/nuscenes/nuscenes_inference.json
0.66,nuscenes,FULL_DETECTION,31,False,0.300826,0.210602,0.0,d25718445d89453381c659b9c8734939,/media/tersiteab/new_drive/checker_model/Point-Cloud-Similarity-Score/output/nuscenes/nuscenes_inference.json
0.669392,nuscenes,FULL_DETECTION,32,False,0.308449,0.210095,0.0,d25718445d89453381c659b9c8734939,/media/tersiteab/new_drive/checker_model/Point-Cloud-Similarity-Score/output/nuscenes/nuscenes_inference.json
0.677089,nuscenes,FULL_DETECTION,33,False,0.334764,0.209926,0.0,d25718445d89453381c659b9c8734939,/media/tersiteab/new_drive/checker_model/Point-Cloud-Similarity-Score/output/nuscenes/nuscenes_inference.json
0.628695,nuscenes,FULL_DETECTION,34,False,0.306093,0.210346,0.0,d25718445d89453381c659b9c8734939,/media/tersiteab/new_drive/checker_model/Point-Cloud-Similarity-Score/output/nuscenes/nuscenes_inference.json
0.612739,nuscenes,FULL_DETECTION,35,True,0.375438,0.21609,0.2373,d25718445d89453381c659b9c8734939,/media/tersiteab/new_drive/checker_model/Point-Cloud-Similarity-Score/output/nuscenes/nuscenes_inference.json
0.582199,nuscenes,FULL_DETECTION,36,False,0.401072,0.213752,0.0,d25718445d89453381c659b9c8734939,/media/tersiteab/new_drive/checker_model/Point-Cloud-Similarity-Score/output/nuscenes/nuscenes_inference.json
0.565275,nuscenes,FULL_DETECTION,37,False,0.384609,0.213146,0.0,d25718445d89453381c659b9c8734939,/media/tersiteab/new_drive/checker_model/Point-Cloud-Similarity-Score/output/nuscenes/nuscenes_inference.json
0.499386,nuscenes,FULL_DETECTION,38,False,0.315625,0.211724,0.0,d25718445d89453381c659b9c8734939,/media/tersiteab/new_drive/checker_model/Point-Cloud-Similarity-Score/output/nuscenes/nuscenes_inference.json
0.398,nuscenes,FULL_DETECTION,39,False,0.354551,0.211118,0.0,d25718445d89453381c659b9c8734939,/media/tersiteab/new_drive/checker_model/Point-Cloud-Similarity-Score/output/nuscenes/nuscenes_inference.json
0.473452,nuscenes,FULL_DETECTION,0,True,0.755573,0.206522,0.282121,de7d80a1f5fb4c3e82ce8a4f213b450a,/media/tersiteab/new_drive/checker_model/Point-Cloud-Similarity-Score/output/nuscenes/nuscenes_inference.json
0.495724,nuscenes,FULL_DETECTION,1,False,0.747962,0.206373,0.0,de7d80a1f5fb4c3e82ce8a4f213b450a,/media/tersiteab/new_drive/checker_model/Point-Cloud-Similarity-Score/output/nuscenes/nuscenes_inference.json
0.505849,nuscenes,FULL_DETECTION,2,False,0.732654,0.206001,0.0,de7d80a1f5fb4c3e82ce8a4f213b450a,/media/tersiteab/new_drive/checker_model/Point-Cloud-Similarity-Score/output/nuscenes/nuscenes_inference.json
0.509147,nuscenes,FULL_DETECTION,3,False,0.823662,0.205761,0.0,de7d80a1f5fb4c3e82ce8a4f213b450a,/media/tersiteab/new_drive/checker_model/Point-Cloud-Similarity-Score/output/nuscenes/nuscenes_inference.json
0.499638,nuscenes,FULL_DETECTION,4,False,0.860654,0.206338,0.0,de7d80a1f5fb4c3e82ce8a4f213b450a,/media/tersiteab/new_drive/checker_model/Point-Cloud-Similarity-Score/output/nuscenes/nuscenes_inference.json
0.53509,nuscenes,FULL_DETECTION,5,True,0.845293,0.204569,0.310203,de7d80a1f5fb4c3e82ce8a4f213b450a,/media/tersiteab/new_drive/checker_model/Point-Cloud-Similarity-Score/output/nuscenes/nuscenes_inference.json
0.497113,nuscenes,FULL_DETECTION,6,False,0.843931,0.204523,0.0,de7d80a1f5fb4c3e82ce8a4f213b450a,/media/tersiteab/new_drive/checker_model/Point-Cloud-Similarity-Score/output/nuscenes/nuscenes_inference.json
0.492268,nuscenes,FULL_DETECTION,7,False,0.840029,0.204204,0.0,de7d80a1f5fb4c3e82ce8a4f213b450a,/media/tersiteab/new_drive/checker_model/Point-Cloud-Similarity-Score/output/nuscenes/nuscenes_inference.json
0.50268,nuscenes,FULL_DETECTION,8,False,0.869917,0.205013,0.0,de7d80a1f5fb4c3e82ce8a4f213b450a,/media/tersiteab/new_drive/checker_model/Point-Cloud-Similarity-Score/output/nuscenes/nuscenes_inference.json
0.497858,nuscenes,FULL_DETECTION,9,False,0.881786,0.205851,0.0,de7d80a1f5fb4c3e82ce8a4f213b450a,/media/tersiteab/new_drive/checker_model/Point-Cloud-Similarity-Score/output/nuscenes/nuscenes_inference.json
0.490186,nuscenes,FULL_DETECTION,10,True,0.877412,0.206423,0.387226,de7d80a1f5fb4c3e82ce8a4f213b450a,/media/tersiteab/new_drive/checker_model/Point-Cloud-Similarity-Score/output/nuscenes/nuscenes_inference.json
0.497159,nuscenes,FULL_DETECTION,11,False,0.852008,0.207497,0.0,de7d80a1f5fb4c3e82ce8a4f213b450a,/media/tersiteab/new_drive/checker_model/Point-Cloud-Similarity-Score/output/nuscenes/nuscenes_inference.json
0.495114,nuscenes,FULL_DETECTION,12,False,0.872869,0.208312,0.0,de7d80a1f5fb4c3e82ce8a4f213b450a,/media/tersiteab/new_drive/checker_model/Point-Cloud-Similarity-Score/output/nuscenes/nuscenes_inference.json
0.500715,nuscenes,FULL_DETECTION,13,False,0.845162,0.206917,0.0,de7d80a1f5fb4c3e82ce8a4f213b450a,/media/tersiteab/new_drive/checker_model/Point-Cloud-Similarity-Score/output/nuscenes/nuscenes_inference.json
0.491757,nuscenes,FULL_DETECTION,14,False,0.809639,0.204864,0.0,de7d80a1f5fb4c3e82ce8a4f213b450a,/media/tersiteab/new_drive/checker_model/Point-Cloud-Similarity-Score/output/nuscenes/nuscenes_inference.json
0.506759,nuscenes,FULL_DETECTION,15,True,0.771786,0.203093,0.265026,de7d80a1f5fb4c3e82ce8a4f213b450a,/media/tersiteab/new_drive/checker_model/Point-Cloud-Similarity-Score/output/nuscenes/nuscenes_inference.json
0.523606,nuscenes,FULL_DETECTION,16,False,0.709313,0.201879,0.0,de7d80a1f5fb4c3e82ce8a4f213b450a,/media/tersiteab/new_drive/checker_model/Point-Cloud-Similarity-Score/output/nuscenes/nuscenes_inference.json
0.547676,nuscenes,FULL_DETECTION,17,False,0.6868,0.20167,0.0,de7d80a1f5fb4c3e82ce8a4f213b450a,/media/tersiteab/new_drive/checker_model/Point-Cloud-Similarity-Score/output/nuscenes/nuscenes_inference.json
0.563536,nuscenes,FULL_DETECTION,18,False,0.691131,0.201681,0.0,de7d80a1f5fb4c3e82ce8a4f213b450a,/media/tersiteab/new_drive/checker_model/Point-Cloud-Similarity-Score/output/nuscenes/nuscenes_inference.json
0.558488,nuscenes,FULL_DETECTION,19,False,0.88972,0.211511,0.0,de7d80a1f5fb4c3e82ce8a4f213b450a,/media/tersiteab/new_drive/checker_model/Point-Cloud-Similarity-Score/output/nuscenes/nuscenes_inference.json
0.566573,nuscenes,FULL_DETECTION,20,True,0.851676,0.213274,0.285103,de7d80a1f5fb4c3e82ce8a4f213b450a,/media/tersiteab/new_drive/checker_model/Point-Cloud-Similarity-Score/output/nuscenes/nuscenes_inference.json
0.613302,nuscenes,FULL_DETECTION,21,False,0.789775,0.208973,0.0,de7d80a1f5fb4c3e82ce8a4f213b450a,/media/tersiteab/new_drive/checker_model/Point-Cloud-Similarity-Score/output/nuscenes/nuscenes_inference.json
0.590122,nuscenes,FULL_DETECTION,22,False,0.75814,0.207206,0.0,de7d80a1f5fb4c3e82ce8a4f213b450a,/media/tersiteab/new_drive/checker_model/Point-Cloud-Similarity-Score/output/nuscenes/nuscenes_inference.json
0.63654,nuscenes,FULL_DETECTION,23,False,0.746912,0.207232,0.0,de7d80a1f5fb4c3e82ce8a4f213b450a,/media/tersiteab/new_drive/checker_model/Point-Cloud-Similarity-Score/output/nuscenes/nuscenes_inference.json
0.639857,nuscenes,FULL_DETECTION,24,False,0.737388,0.208307,0.0,de7d80a1f5fb4c3e82ce8a4f213b450a,/media/tersiteab/new_drive/checker_model/Point-Cloud-Similarity-Score/output/nuscenes/nuscenes_inference.json
0.608473,nuscenes,FULL_DETECTION,25,True,0.818935,0.215233,0.210461,de7d80a1f5fb4c3e82ce8a4f213b450a,/media/tersiteab/new_drive/checker_model/Point-Cloud-Similarity-Score/output/nuscenes/nuscenes_inference.json
0.570643,nuscenes,FULL_DETECTION,26,False,0.749855,0.210211,0.0,de7d80a1f5fb4c3e82ce8a4f213b450a,/media/tersiteab/new_drive/checker_model/Point-Cloud-Similarity-Score/output/nuscenes/nuscenes_inference.json
0.566742,nuscenes,FULL_DETECTION,27,False,0.718744,0.208433,0.0,de7d80a1f5fb4c3e82ce8a4f213b450a,/media/tersiteab/new_drive/checker_model/Point-Cloud-Similarity-Score/output/nuscenes/nuscenes_inference.json
0.5515,nuscenes,FULL_DETECTION,28,False,0.721846,0.210717,0.0,de7d80a1f5fb4c3e82ce8a4f213b450a,/media/tersiteab/new_drive/checker_model/Point-Cloud-Similarity-Score/output/nuscenes/nuscenes_inference.json
0.557654,nuscenes,FULL_DETECTION,29,False,0.729014,0.215477,0.0,de7d80a1f5fb4c3e82ce8a4f213b450a,/media/tersiteab/new_drive/checker_model/Point-Cloud-Similarity-Score/output/nuscenes/nuscenes_inference.json
0.619358,nuscenes,FULL_DETECTION,30,True,0.693105,0.212135,0.073747,de7d80a1f5fb4c3e82ce8a4f213b450a,/media/tersiteab/new_drive/checker_model/Point-Cloud-Similarity-Score/output/nuscenes/nuscenes_inference.json
0.571541,nuscenes,FULL_DETECTION,31,False,0.673912,0.214114,0.0,de7d80a1f5fb4c3e82ce8a4f213b450a,/media/tersiteab/new_drive/checker_model/Point-Cloud-Similarity-Score/output/nuscenes/nuscenes_inference.json
0.593186,nuscenes,FULL_DETECTION,32,False,0.657389,0.21618,0.0,de7d80a1f5fb4c3e82ce8a4f213b450a,/media/tersiteab/new_drive/checker_model/Point-Cloud-Similarity-Score/output/nuscenes/nuscenes_inference.json
0.492088,nuscenes,FULL_DETECTION,33,False,0.756298,0.222206,0.0,de7d80a1f5fb4c3e82ce8a4f213b450a,/media/tersiteab/new_drive/checker_model/Point-Cloud-Similarity-Score/output/nuscenes/nuscenes_inference.json
0.388974,nuscenes,FULL_DETECTION,34,False,0.674308,0.217134,0.0,de7d80a1f5fb4c3e82ce8a4f213b450a,/media/tersiteab/new_drive/checker_model/Point-Cloud-Similarity-Score/output/nuscenes/nuscenes_inference.json
0.408999,nuscenes,FULL_DETECTION,35,True,0.687608,0.216485,0.278609,de7d80a1f5fb4c3e82ce8a4f213b450a,/media/tersiteab/new_drive/checker_model/Point-Cloud-Similarity-Score/output/nuscenes/nuscenes_inference.json
0.332678,nuscenes,FULL_DETECTION,36,False,0.576272,0.208493,0.0,de7d80a1f5fb4c3e82ce8a4f213b450a,/media/tersiteab/new_drive/checker_model/Point-Cloud-Similarity-Score/output/nuscenes/nuscenes_inference.json
0.298745,nuscenes,FULL_DETECTION,37,False,0.568122,0.210926,0.0,de7d80a1f5fb4c3e82ce8a4f213b450a,/media/tersiteab/new_drive/checker_model/Point-Cloud-Similarity-Score/output/nuscenes/nuscenes_inference.json
0.267532,nuscenes,FULL_DETECTION,38,False,0.563227,0.210402,0.0,de7d80a1f5fb4c3e82ce8a4f213b450a,/media/tersiteab/new_drive/checker_model/Point-Cloud-Similarity-Score/output/nuscenes/nuscenes_inference.json
0.672744,nuscenes,FULL_DETECTION,0,True,0.745039,0.221384,0.072295,e233467e827140efa4b42d2b4c435855,/media/tersiteab/new_drive/checker_model/Point-Cloud-Similarity-Score/output/nuscenes/nuscenes_inference.json
0.667475,nuscenes,FULL_DETECTION,1,False,0.723901,0.215945,0.0,e233467e827140efa4b42d2b4c435855,/media/tersiteab/new_drive/checker_model/Point-Cloud-Similarity-Score/output/nuscenes/nuscenes_inference.json
0.645594,nuscenes,FULL_DETECTION,2,False,0.58465,0.219262,0.0,e233467e827140efa4b42d2b4c435855,/media/tersiteab/new_drive/checker_model/Point-Cloud-Similarity-Score/output/nuscenes/nuscenes_inference.json
0.655387,nuscenes,FULL_DETECTION,3,False,0.579053,0.223214,0.0,e233467e827140efa4b42d2b4c435855,/media/tersiteab/new_drive/checker_model/Point-Cloud-Similarity-Score/output/nuscenes/nuscenes_inference.json
0.664866,nuscenes,FULL_DETECTION,4,False,0.568069,0.224024,0.0,e233467e827140efa4b42d2b4c435855,/media/tersiteab/new_drive/checker_model/Point-Cloud-Similarity-Score/output/nuscenes/nuscenes_inference.json
0.665894,nuscenes,FULL_DETECTION,5,True,0.578059,0.219876,0.087835,e233467e827140efa4b42d2b4c435855,/media/tersiteab/new_drive/checker_model/Point-Cloud-Similarity-Score/output/nuscenes/nuscenes_inference.json
0.665833,nuscenes,FULL_DETECTION,6,False,0.608133,0.218956,0.0,e233467e827140efa4b42d2b4c435855,/media/tersiteab/new_drive/checker_model/Point-Cloud-Similarity-Score/output/nuscenes/nuscenes_inference.json
0.661206,nuscenes,FULL_DETECTION,7,False,0.617631,0.21227,0.0,e233467e827140efa4b42d2b4c435855,/media/tersiteab/new_drive/checker_model/Point-Cloud-Similarity-Score/output/nuscenes/nuscenes_inference.json
0.628648,nuscenes,FULL_DETECTION,8,False,0.665227,0.214954,0.0,e233467e827140efa4b42d2b4c435855,/media/tersiteab/new_drive/checker_model/Point-Cloud-Similarity-Score/output/nuscenes/nuscenes_inference.json
0.620676,nuscenes,FULL_DETECTION,9,False,0.681964,0.216041,0.0,e233467e827140efa4b42d2b4c435855,/media/tersiteab/new_drive/checker_model/Point-Cloud-Similarity-Score/output/nuscenes/nuscenes_inference.json
0.602479,nuscenes,FULL_DETECTION,10,True,0.678547,0.214331,0.076068,e233467e827140efa4b42d2b4c435855,/media/tersiteab/new_drive/checker_model/Point-Cloud-Similarity-Score/output/nuscenes/nuscenes_inference.json
0.603517,nuscenes,FULL_DETECTION,11,False,0.664555,0.211694,0.0,e233467e827140efa4b42d2b4c435855,/media/tersiteab/new_drive/checker_model/Point-Cloud-Similarity-Score/output/nuscenes/nuscenes_inference.json
0.589524,nuscenes,FULL_DETECTION,12,False,0.657265,0.210562,0.0,e233467e827140efa4b42d2b4c435855,/media/tersiteab/new_drive/checker_model/Point-Cloud-Similarity-Score/output/nuscenes/nuscenes_inference.json
0.578546,nuscenes,FULL_DETECTION,13,False,0.66618,0.21152,0.0,e233467e827140efa4b42d2b4c435855,/media/tersiteab/new_drive/checker_model/Point-Cloud-Similarity-Score/output/nuscenes/nuscenes_inference.json
0.59005,nuscenes,FULL_DETECTION,14,False,0.672502,0.212357,0.0,e233467e827140efa4b42d2b4c435855,/media/tersiteab/new_drive/checker_model/Point-Cloud-Similarity-Score/output/nuscenes/nuscenes_inference.json
0.601705,nuscenes,FULL_DETECTION,15,True,0.658879,0.210921,0.057174,e233467e827140efa4b42d2b4c435855,/media/tersiteab/new_drive/checker_model/Point-Cloud-Similarity-Score/output/nuscenes/nuscenes_inference.json
0.613133,nuscenes,FULL_DETECTION,16,False,0.663995,0.2104,0.0,e233467e827140efa4b42d2b4c435855,/media/tersiteab/new_drive/checker_model/Point-Cloud-Similarity-Score/output/nuscenes/nuscenes_inference.json
0.60923,nuscenes,FULL_DETECTION,17,False,0.751053,0.209679,0.0,e233467e827140efa4b42d2b4c435855,/media/tersiteab/new_drive/checker_model/Point-Cloud-Similarity-Score/output/nuscenes/nuscenes_inference.json
0.623815,nuscenes,FULL_DETECTION,18,False,0.755793,0.21112,0.0,e233467e827140efa4b42d2b4c435855,/media/tersiteab/new_drive/checker_model/Point-Cloud-Similarity-Score/output/nuscenes/nuscenes_inference.json
0.585318,nuscenes,FULL_DETECTION,19,False,0.754422,0.210348,0.0,e233467e827140efa4b42d2b4c435855,/media/tersiteab/new_drive/checker_model/Point-Cloud-Similarity-Score/output/nuscenes/nuscenes_inference.json
0.597924,nuscenes,FULL_DETECTION,20,True,0.752258,0.208767,0.154335,e233467e827140efa4b42d2b4c435855,/media/tersiteab/new_drive/checker_model/Point-Cloud-Similarity-Score/output/nuscenes/nuscenes_inference.json
0.526788,nuscenes,FULL_DETECTION,21,False,0.750404,0.209997,0.0,e233467e827140efa4b42d2b4c435855,/media/tersiteab/new_drive/checker_model/Point-Cloud-Similarity-Score/output/nuscenes/nuscenes_inference.json
0.529422,nuscenes,FULL_DETECTION,22,False,0.761324,0.211476,0.0,e233467e827140efa4b42d2b4c435855,/media/tersiteab/new_drive/checker_model/Point-Cloud-Similarity-Score/output/nuscenes/nuscenes_inference.json
0.553829,nuscenes,FULL_DETECTION,23,False,0.778339,0.215132,0.0,e233467e827140efa4b42d2b4c435855,/media/tersiteab/new_drive/checker_model/Point-Cloud-Similarity-Score/output/nuscenes/nuscenes_inference.json
0.556757,nuscenes,FULL_DETECTION,24,False,0.787356,0.213095,0.0,e233467e827140efa4b42d2b4c435855,/media/tersiteab/new_drive/checker_model/Point-Cloud-Similarity-Score/output/nuscenes/nuscenes_inference.json
0.582696,nuscenes,FULL_DETECTION,25,True,0.808728,0.21447,0.226032,e233467e827140efa4b42d2b4c435855,/media/tersiteab/new_drive/checker_model/Point-Cloud-Similarity-Score/output/nuscenes/nuscenes_inference.json
0.637341,nuscenes,FULL_DETECTION,26,False,0.783946,0.213685,0.0,e233467e827140efa4b42d2b4c435855,/media/tersiteab/new_drive/checker_model/Point-Cloud-Similarity-Score/output/nuscenes/nuscenes_inference.json
0.640869,nuscenes,FULL_DETECTION,27,False,0.776432,0.214064,0.0,e233467e827140efa4b42d2b4c435855,/media/tersiteab/new_drive/checker_model/Point-Cloud-Similarity-Score/output/nuscenes/nuscenes_inference.json
0.628182,nuscenes,FULL_DETECTION,28,False,0.777165,0.214291,0.0,e233467e827140efa4b42d2b4c435855,/media/tersiteab/new_drive/checker_model/Point-Cloud-Similarity-Score/output/nuscenes/nuscenes_inference.json
0.634698,nuscenes,FULL_DETECTION,29,False,0.781318,0.214435,0.0,e233467e827140efa4b42d2b4c435855,/media/tersiteab/new_drive/checker_model/Point-Cloud-Similarity-Score/output/nuscenes/nuscenes_inference.json
0.649513,nuscenes,FULL_DETECTION,30,True,0.789548,0.217066,0.140035,e233467e827140efa4b42d2b4c435855,/media/tersiteab/new_drive/checker_model/Point-Cloud-Similarity-Score/output/nuscenes/nuscenes_inference.json
0.655479,nuscenes,FULL_DETECTION,31,False,0.771037,0.21165,0.0,e233467e827140efa4b42d2b4c435855,/media/tersiteab/new_drive/checker_model/Point-Cloud-Similarity-Score/output/nuscenes/nuscenes_inference.json
0.647117,nuscenes,FULL_DETECTION,32,False,0.774586,0.212913,0.0,e233467e827140efa4b42d2b4c435855,/media/tersiteab/new_drive/checker_model/Point-Cloud-Similarity-Score/output/nuscenes/nuscenes_inference.json
0.636279,nuscenes,FULL_DETECTION,33,False,0.781222,0.213357,0.0,e233467e827140efa4b42d2b4c435855,/media/tersiteab/new_drive/checker_model/Point-Cloud-Similarity-Score/output/nuscenes/nuscenes_inference.json
0.655696,nuscenes,FULL_DETECTION,34,False,0.810535,0.216892,0.0,e233467e827140efa4b42d2b4c435855,/media/tersiteab/new_drive/checker_model/Point-Cloud-Similarity-Score/output/nuscenes/nuscenes_inference.json
0.674026,nuscenes,FULL_DETECTION,35,True,0.650757,0.21514,0.023269,e233467e827140efa4b42d2b4c435855,/media/tersiteab/new_drive/checker_model/Point-Cloud-Similarity-Score/output/nuscenes/nuscenes_inference.json
0.64082,nuscenes,FULL_DETECTION,36,False,0.629668,0.208831,0.0,e233467e827140efa4b42d2b4c435855,/media/tersiteab/new_drive/checker_model/Point-Cloud-Similarity-Score/output/nuscenes/nuscenes_inference.json
0.640284,nuscenes,FULL_DETECTION,37,False,0.616206,0.207878,0.0,e233467e827140efa4b42d2b4c435855,/media/tersiteab/new_drive/checker_model/Point-Cloud-Similarity-Score/output/nuscenes/nuscenes_inference.json
0.648713,nuscenes,FULL_DETECTION,38,False,0.563513,0.208491,0.0,e233467e827140efa4b42d2b4c435855,/media/tersiteab/new_drive/checker_model/Point-Cloud-Similarity-Score/output/nuscenes/nuscenes_inference.json
